symbol,date,open,close,high,low,volume
AAPL,2025-10-31,188.5,187.45,188.86,185.04,42510618
AAPL,2025-11-03,191.77,191.33,192.69,190.64,47283323
AAPL,2025-11-04,194.53,194.14,194.86,193.24,8327158
AAPL,2025-11-05,192.26,192.04,193.9,189.34,25631508
AAPL,2025-11-06,188.1,189.01,189.52,186.48,37179969
AAPL,2025-11-07,189.1,189.31,189.84,187.23,11000549
AAPL,2025-11-10,190.77,191.43,192.46,190.7,41097867
AAPL,2025-11-11,192.96,192.76,194.07,190.59,22688564
AAPL,2025-11-12,197.19,197.15,198.99,194.21,42040965
AAPL,2025-11-13,198.02,199.09,201.83,196.9,34775184
AAPL,2025-11-14,200.68,200.79,201.79,198.98,24344941
AAPL,2025-11-17,199.78,199.19,199.97,196.91,7808652
AAPL,2025-11-18,196.36,196.72,197.46,194.03,37051193
AAPL,2025-11-19,200.72,200.41,201.0,198.92,31731597
AAPL,2025-11-20,200.32,200.69,201.5,198.45,8435131
AAPL,2025-11-21,201.78,202.82,203.81,200.78,28309247
AAPL,2025-11-24,198.75,199.65,202.51,197.67,3490629
AAPL,2025-11-25,197.62,198.77,201.42,197.16,14215613
AAPL,2025-11-26,194.79,195.87,196.62,194.51,44789584
AAPL,2025-11-27,194.65,194.21,196.57,193.8,45638882
AAPL,2025-11-28,195.78,196.49,196.9,194.02,4661091
AAPL,2025-12-01,194.02,193.18,195.23,191.49,23567469
AAPL,2025-12-02,192.72,192.1,193.26,190.14,4102619
AAPL,2025-12-03,193.18,192.63,193.91,191.56,29083972
AAPL,2025-12-04,191.64,191.25,192.19,189.55,39414190
AAPL,2025-12-05,191.8,190.82,192.6,190.35,28308154
AAPL,2025-12-08,190.56,190.46,193.14,188.88,9067206
AAPL,2025-12-09,191.06,191.58,194.03,189.89,39812454
AAPL,2025-12-10,191.2,190.74,193.14,189.63,4574788
AAPL,2025-12-11,190.67,191.52,193.18,190.46,16265343
AAPL,2025-12-12,191.34,191.8,194.61,189.87,16737627
AAPL,2025-12-15,191.82,192.94,195.43,192.3,45922495
AAPL,2025-12-16,194.68,193.61,195.57,192.91,33989640
AAPL,2025-12-17,197.17,197.66,200.34,196.79,40993046
AAPL,2025-12-18,197.09,196.25,196.87,194.98,6986541
AAPL,2025-12-19,200.19,199.25,200.21,196.34,28246709
AAPL,2025-12-22,198.46,198.45,201.19,195.86,43296202
AAPL,2025-12-23,196.93,196.34,197.19,194.83,14704227
AAPL,2025-12-24,198.92,199.37,199.98,197.18,48647263
AAPL,2025-12-25,198.26,198.48,199.88,197.03,23624351
AAPL,2025-12-26,198.68,197.72,199.96,195.33,32737133
AAPL,2025-12-29,195.68,194.61,196.51,192.45,10569835
AAPL,2025-12-30,188.98,189.92,191.61,189.51,36678919
AAPL,2025-12-31,192.25,191.53,193.76,189.66,20782774
AAPL,2026-01-01,189.69,189.02,191.45,188.0,9514683
AAPL,2026-01-02,190.77,190.94,191.37,188.27,32059780
AAPL,2026-01-05,194.27,195.38,198.05,193.41,32154185
AAPL,2026-01-06,195.17,195.27,197.19,192.59,12153531
AAPL,2026-01-07,193.15,192.8,195.38,190.37,48733606
AAPL,2026-01-08,193.05,193.87,195.49,192.44,10281936
AAPL,2026-01-09,195.96,195.81,197.05,193.14,46400075
AAPL,2026-01-12,196.3,195.35,196.08,192.46,24068456
AAPL,2026-01-13,194.72,195.55,197.82,194.57,17811947
AAPL,2026-01-14,199.3,198.86,199.57,197.35,27757011
AAPL,2026-01-15,201.8,202.07,204.67,201.45,35091531
AAPL,2026-01-16,204.62,203.96,204.84,202.23,7234869
AAPL,2026-01-19,202.28,202.01,202.6,200.42,9203740
AAPL,2026-01-20,201.82,202.04,204.22,200.36,20745079
AAPL,2026-01-21,203.66,203.67,205.44,202.9,31087940
AAPL,2026-01-22,202.26,203.32,204.21,201.56,1891616
AAPL,2026-01-23,202.6,202.0,202.5,200.61,31124649
AAPL,2026-01-26,199.89,200.31,201.45,198.8,20869580
AAPL,2026-01-27,200.07,198.96,201.6,196.58,10844457
AAPL,2026-01-28,198.42,197.52,198.88,195.83,1641973
AAPL,2026-01-29,195.73,196.61,198.97,196.16,16969637
AAPL,2026-01-30,200.61,199.49,202.45,198.05,7963687
AAPL,2026-02-02,197.42,197.74,200.22,195.05,43364224
AAPL,2026-02-03,200.52,200.02,202.99,198.85,44260142
AAPL,2026-02-04,202.19,201.18,202.85,200.37,11980170
AAPL,2026-02-05,200.98,201.68,204.58,201.25,26459707
AAPL,2026-02-06,199.29,199.85,200.76,197.97,14856739
AAPL,2026-02-09,199.87,198.92,199.81,197.96,25513948
AAPL,2026-02-10,204.01,203.85,206.1,202.57,23641345
AAPL,2026-02-11,203.99,204.25,207.22,201.77,44591034
AAPL,2026-02-12,205.75,205.74,207.87,202.95,10673403
AAPL,2026-02-13,208.0,207.55,209.51,206.5,30100330
AAPL,2026-02-16,209.8,210.36,213.15,209.41,24682971
AAPL,2026-02-17,208.68,209.93,211.1,208.72,10664244
AAPL,2026-02-18,207.99,208.57,211.38,205.56,18217764
AAPL,2026-02-19,209.56,208.58,209.16,208.13,38570721
AAPL,2026-02-20,207.74,208.1,209.1,205.68,22099712
AAPL,2026-02-23,209.6,210.25,212.89,207.25,30725899
AAPL,2026-02-24,210.58,210.9,212.86,209.53,31135503
AAPL,2026-02-25,211.75,211.67,214.4,210.74,15977233
AAPL,2026-02-26,213.42,212.21,213.68,209.44,43277959
AAPL,2026-02-27,215.89,215.54,216.07,214.67,47281176
AAPL,2026-03-02,213.24,214.31,216.36,211.86,18506436
AAPL,2026-03-03,214.2,213.25,215.47,210.15,3539257
AAPL,2026-03-04,216.07,215.7,216.47,214.25,26119520
AAPL,2026-03-05,215.64,215.6,217.75,214.91,36931381
AAPL,2026-03-06,215.58,216.71,219.25,214.8,6000947
AAPL,2026-03-09,214.26,214.99,218.11,212.49,10882170
AAPL,2026-03-10,215.61,215.23,217.51,213.42,41005017
AAPL,2026-03-11,215.86,216.52,218.57,215.06,27371899
AAPL,2026-03-12,214.07,213.27,215.5,211.67,19236712
AAPL,2026-03-13,210.91,211.66,213.17,209.29,44525531
AAPL,2026-03-16,213.54,212.91,214.83,211.81,48877932
AAPL,2026-03-17,219.48,218.91,220.61,217.01,19669143
AAPL,2026-03-18,219.8,220.3,222.33,219.49,37543418
AAPL,2026-03-19,220.43,220.32,222.6,217.78,37521572
AAPL,2026-03-20,219.4,218.28,220.57,215.88,38136389
AAPL,2026-03-23,218.83,219.48,222.33,218.55,6273746
AAPL,2026-03-24,213.94,213.16,214.05,212.08,34000860
AAPL,2026-03-25,213.43,213.2,214.25,211.91,43611495
AAPL,2026-03-26,211.83,212.53,213.85,211.21,6515890
AAPL,2026-03-27,211.35,211.38,214.37,210.1,48263637
AAPL,2026-03-30,216.71,217.52,219.79,214.89,41825049
AAPL,2026-03-31,211.43,211.33,212.1,210.81,30554590
AAPL,2026-04-01,211.67,211.44,212.71,210.47,24093428
AAPL,2026-04-02,212.57,211.79,214.14,209.56,12056270
AAPL,2026-04-03,213.66,213.15,214.13,212.24,34686806
AAPL,2026-04-06,208.22,209.26,211.72,206.52,15806141
AAPL,2026-04-07,208.85,208.26,211.22,205.7,37957610
AAPL,2026-04-08,204.2,204.71,207.59,202.17,4723692
AAPL,2026-04-09,203.95,204.57,206.28,202.47,2780276
AAPL,2026-04-10,206.2,205.21,206.53,204.68,17254316
AAPL,2026-04-13,206.84,205.78,206.67,202.79,46130030
AAPL,2026-04-14,204.98,205.46,206.26,204.71,22596767
AAPL,2026-04-15,205.32,206.08,206.66,205.58,1095822
AAPL,2026-04-16,206.64,206.68,209.31,204.87,48309487
AAPL,2026-04-17,207.51,207.86,209.19,204.97,41550013
AAPL,2026-04-20,209.27,208.09,209.18,206.77,42209583
AAPL,2026-04-21,203.25,203.85,206.59,201.38,26789666
AAPL,2026-04-22,202.91,202.02,202.79,200.36,6313476
AAPL,2026-04-23,202.96,203.03,203.8,202.4,19337342
AAPL,2026-04-24,201.27,200.98,202.07,198.91,1438290
GOOGL,2025-10-31,141.21,140.59,141.49,138.77,39859256
GOOGL,2025-11-03,139.45,140.08,140.87,139.02,23789781
GOOGL,2025-11-04,141.12,140.7,141.91,139.02,1826911
GOOGL,2025-11-05,140.91,140.26,141.2,139.31,35134147
GOOGL,2025-11-06,145.31,144.75,145.53,143.74,26242113
GOOGL,2025-11-07,144.94,145.75,147.86,143.73,48644028
GOOGL,2025-11-10,146.11,145.92,146.6,144.56,16512561
GOOGL,2025-11-11,146.23,146.65,148.69,146.34,45409427
GOOGL,2025-11-12,147.22,146.97,147.73,146.05,18479863
GOOGL,2025-11-13,150.29,149.94,151.3,149.28,7740221
GOOGL,2025-11-14,148.24,148.7,150.04,146.65,2661909
GOOGL,2025-11-17,146.4,147.27,149.34,146.76,39697013
GOOGL,2025-11-18,148.81,148.46,150.23,148.07,42545043
GOOGL,2025-11-19,148.73,148.19,150.39,146.67,11270823
GOOGL,2025-11-20,146.26,147.1,147.73,145.7,12262004
GOOGL,2025-11-21,143.66,143.69,144.4,143.08,23630160
GOOGL,2025-11-24,143.38,143.78,145.79,141.7,13685299
GOOGL,2025-11-25,142.5,142.81,144.8,140.81,27888594
GOOGL,2025-11-26,144.89,144.96,145.54,143.75,47352678
GOOGL,2025-11-27,143.38,143.04,143.8,142.06,19078503
GOOGL,2025-11-28,144.63,143.93,144.66,143.32,2869544
GOOGL,2025-12-01,144.3,143.96,145.38,142.55,11611316
GOOGL,2025-12-02,142.92,142.83,143.8,141.95,23893001
GOOGL,2025-12-03,145.33,145.36,146.35,143.59,32557209
GOOGL,2025-12-04,148.81,148.29,150.33,147.75,21550073
GOOGL,2025-12-05,148.71,147.86,148.2,146.25,14900686
GOOGL,2025-12-08,148.46,147.61,149.82,145.51,5446518
GOOGL,2025-12-09,143.94,143.79,144.97,141.75,43596480
GOOGL,2025-12-10,145.06,145.7,146.87,143.71,26259643
GOOGL,2025-12-11,145.22,145.58,147.45,145.21,32622255
GOOGL,2025-12-12,148.8,147.98,149.46,147.64,19217227
GOOGL,2025-12-15,146.55,147.35,148.83,145.37,42058234
GOOGL,2025-12-16,148.18,148.61,150.66,148.22,48083173
GOOGL,2025-12-17,150.02,149.7,151.2,147.6,18739877
GOOGL,2025-12-18,151.03,150.91,151.46,149.95,23866177
GOOGL,2025-12-19,149.96,150.27,151.06,149.43,16147087
GOOGL,2025-12-22,149.15,149.21,150.59,148.47,40060210
GOOGL,2025-12-23,147.36,147.25,148.6,146.17,39269916
GOOGL,2025-12-24,148.66,147.83,149.1,145.89,3771208
GOOGL,2025-12-25,146.39,146.43,146.83,145.67,46670832
GOOGL,2025-12-26,146.89,147.6,148.0,146.15,21823259
GOOGL,2025-12-29,143.69,144.17,145.18,143.24,7072613
GOOGL,2025-12-30,147.52,146.92,148.84,144.86,46355917
GOOGL,2025-12-31,148.88,148.13,148.93,146.24,44287286
GOOGL,2026-01-01,147.91,148.46,149.17,147.1,16184583
GOOGL,2026-01-02,146.31,147.14,148.42,146.29,19836685
GOOGL,2026-01-05,146.53,145.77,147.51,144.48,45834936
GOOGL,2026-01-06,144.35,145.07,145.94,143.53,26932281
GOOGL,2026-01-07,146.35,146.49,148.34,146.1,43263338
GOOGL,2026-01-08,147.03,147.07,147.56,144.91,13287595
GOOGL,2026-01-09,148.84,148.04,148.77,147.54,3437145
GOOGL,2026-01-12,150.36,150.01,151.99,149.55,33736852
GOOGL,2026-01-13,151.8,151.45,153.15,149.48,32289897
GOOGL,2026-01-14,154.12,153.29,154.12,152.68,25436754
GOOGL,2026-01-15,153.33,153.39,154.88,151.69,40547546
GOOGL,2026-01-16,151.47,151.53,152.43,149.79,27522386
GOOGL,2026-01-19,154.42,154.51,156.58,152.85,43596242
GOOGL,2026-01-20,157.87,157.37,157.75,155.71,48768016
GOOGL,2026-01-21,154.88,154.11,155.22,152.63,24228704
GOOGL,2026-01-22,153.95,153.85,156.01,152.84,49311706
GOOGL,2026-01-23,159.11,158.78,159.38,157.62,13666397
GOOGL,2026-01-26,161.76,161.66,163.77,159.73,23600586
GOOGL,2026-01-27,163.74,164.11,166.55,162.98,20960649
GOOGL,2026-01-28,159.76,159.49,160.66,158.96,49183474
GOOGL,2026-01-29,158.17,158.94,160.71,156.85,49919636
GOOGL,2026-01-30,158.2,157.57,158.1,155.31,32595375
GOOGL,2026-02-02,158.38,157.56,158.03,156.37,36803401
GOOGL,2026-02-03,157.04,157.57,158.87,156.58,39429329
GOOGL,2026-02-04,160.45,159.91,162.19,157.86,24333537
GOOGL,2026-02-05,159.45,159.02,159.74,158.55,47029545
GOOGL,2026-02-06,158.08,158.78,159.38,157.2,33425131
GOOGL,2026-02-09,156.52,157.06,157.48,155.49,6602238
GOOGL,2026-02-10,154.23,154.24,156.27,152.94,47314621
GOOGL,2026-02-11,155.06,155.14,157.34,153.37,20910732
GOOGL,2026-02-12,157.75,157.53,159.75,156.77,46013492
GOOGL,2026-02-13,157.17,157.63,158.32,155.29,10134479
GOOGL,2026-02-16,161.34,160.71,161.76,159.81,11609658
GOOGL,2026-02-17,159.93,159.98,161.71,159.42,49811971
GOOGL,2026-02-18,162.18,161.24,163.32,159.58,46093699
GOOGL,2026-02-19,157.41,157.18,159.42,155.57,45956160
GOOGL,2026-02-20,158.62,158.06,159.98,156.41,25961026
GOOGL,2026-02-23,162.47,161.85,163.88,159.65,33606509
GOOGL,2026-02-24,160.55,160.5,161.78,159.76,18764500
GOOGL,2026-02-25,162.05,161.67,163.4,160.1,17698446
GOOGL,2026-02-26,162.58,162.65,164.09,160.65,8007098
GOOGL,2026-02-27,162.27,162.13,163.76,161.09,49277363
GOOGL,2026-03-02,162.71,162.75,164.51,160.34,30395912
GOOGL,2026-03-03,162.47,162.46,162.89,160.15,30343636
GOOGL,2026-03-04,161.4,161.06,162.31,160.73,33471177
GOOGL,2026-03-05,161.85,161.13,161.94,158.81,41101398
GOOGL,2026-03-06,159.86,160.62,161.54,159.17,10694580
GOOGL,2026-03-09,160.42,160.93,162.04,160.52,28392336
GOOGL,2026-03-10,156.14,156.41,157.8,154.17,35149093
GOOGL,2026-03-11,156.25,155.69,157.73,154.65,31046542
GOOGL,2026-03-12,157.46,158.0,160.17,156.34,44628640
GOOGL,2026-03-13,159.53,159.5,160.14,158.94,23310123
GOOGL,2026-03-16,162.44,162.16,164.0,159.74,46793677
GOOGL,2026-03-17,162.45,162.14,164.54,160.62,28523025
GOOGL,2026-03-18,163.76,164.46,166.59,162.24,32525388
GOOGL,2026-03-19,167.63,168.13,169.14,167.78,30428418
GOOGL,2026-03-20,166.31,167.24,168.08,165.0,20814018
GOOGL,2026-03-23,168.14,167.15,169.13,165.66,17202618
GOOGL,2026-03-24,174.4,173.88,174.59,172.45,49514560
GOOGL,2026-03-25,173.04,172.98,174.91,171.82,41204346
GOOGL,2026-03-26,169.68,168.92,170.96,166.48,33614802
GOOGL,2026-03-27,172.39,172.54,174.07,171.14,1996467
GOOGL,2026-03-30,173.44,173.06,173.6,170.52,28183167
GOOGL,2026-03-31,168.94,169.89,172.4,168.46,47268686
GOOGL,2026-04-01,167.28,167.25,169.22,165.52,40423166
GOOGL,2026-04-02,167.93,168.22,169.24,166.16,1544100
GOOGL,2026-04-03,164.58,165.31,166.13,163.23,26877077
GOOGL,2026-04-06,164.1,163.73,164.3,161.95,38635064
GOOGL,2026-04-07,160.02,160.79,161.36,159.82,48332436
GOOGL,2026-04-08,161.73,161.11,163.26,159.26,20126042
GOOGL,2026-04-09,160.24,161.13,163.4,160.28,34941732
GOOGL,2026-04-10,158.45,157.51,158.27,156.39,37218171
GOOGL,2026-04-13,160.7,160.78,161.27,159.84,36943051
GOOGL,2026-04-14,158.93,158.82,160.2,156.65,29786640
GOOGL,2026-04-15,157.37,158.05,160.31,155.97,14326714
GOOGL,2026-04-16,162.87,162.54,163.0,161.42,32446477
GOOGL,2026-04-17,161.98,162.23,163.51,159.97,32980101
GOOGL,2026-04-20,161.62,161.19,161.8,159.7,25294748
GOOGL,2026-04-21,160.24,160.08,161.92,158.65,12413023
GOOGL,2026-04-22,161.14,161.91,162.87,161.44,23701870
GOOGL,2026-04-23,160.33,160.78,161.55,159.54,48775598
GOOGL,2026-04-24,156.6,156.72,157.56,154.85,21976845
MSFT,2025-10-31,372.93,373.81,375.27,371.22,38405519
MSFT,2025-11-03,370.76,368.87,371.8,364.16,9855478
MSFT,2025-11-04,371.81,371.4,376.7,366.44,3520492
MSFT,2025-11-05,371.82,372.48,377.41,369.53,15078162
MSFT,2025-11-06,372.6,372.67,377.98,369.79,19918102
MSFT,2025-11-07,367.42,366.37,369.14,363.22,26704309
MSFT,2025-11-10,361.79,360.29,363.33,355.5,16841936
MSFT,2025-11-11,360.06,359.2,364.21,355.13,20549169
MSFT,2025-11-12,366.27,368.38,372.01,365.66,27706237
MSFT,2025-11-13,367.85,368.12,369.26,366.49,24142163
MSFT,2025-11-14,369.3,371.5,376.16,366.79,44084599
MSFT,2025-11-17,380.31,379.64,380.98,378.15,40395200
MSFT,2025-11-18,383.85,385.9,387.18,383.17,45568004
MSFT,2025-11-19,386.98,387.0,388.21,382.47,7512933
MSFT,2025-11-20,378.39,379.69,382.76,376.64,17029040
MSFT,2025-11-21,380.13,381.12,385.71,379.42,17785565
MSFT,2025-11-24,385.11,384.38,388.03,383.49,21284884
MSFT,2025-11-25,387.4,386.52,391.64,385.55,5766548
MSFT,2025-11-26,383.2,384.86,385.73,379.2,46261127
MSFT,2025-11-27,380.22,379.7,384.89,375.97,27942889
MSFT,2025-11-28,384.32,382.52,387.09,377.78,44850297
MSFT,2025-12-01,385.77,387.7,392.58,383.93,3003440
MSFT,2025-12-02,387.51,388.06,390.65,385.11,12059017
MSFT,2025-12-03,387.62,387.56,392.62,385.52,11375605
MSFT,2025-12-04,387.65,389.39,391.82,384.89,4426203
MSFT,2025-12-05,385.3,383.83,388.33,379.76,30616948
MSFT,2025-12-08,383.22,381.39,386.1,379.24,28035936
MSFT,2025-12-09,380.31,381.37,386.07,377.9,35891473
MSFT,2025-12-10,375.75,375.88,378.91,370.91,7145613
MSFT,2025-12-11,378.82,379.12,382.03,376.02,35661786
MSFT,2025-12-12,380.65,379.62,383.35,374.52,2990673
MSFT,2025-12-15,382.95,382.74,387.96,378.19,41825208
MSFT,2025-12-16,375.91,376.84,379.69,374.41,41562679
MSFT,2025-12-17,376.73,378.37,383.8,375.7,2923416
MSFT,2025-12-18,374.85,374.84,380.44,369.68,4004537
MSFT,2025-12-19,378.48,376.45,378.97,375.44,1269269
MSFT,2025-12-22,371.27,372.65,375.41,368.71,28157314
MSFT,2025-12-23,376.1,374.09,375.81,371.38,28041658
MSFT,2025-12-24,383.12,384.51,389.59,382.19,23766335
MSFT,2025-12-25,382.32,381.5,383.01,377.17,3918676
MSFT,2025-12-26,381.11,383.28,388.43,378.34,10142941
MSFT,2025-12-29,385.9,385.41,388.47,380.64,49879393
MSFT,2025-12-30,388.39,390.5,393.17,388.33,3481975
MSFT,2025-12-31,392.86,394.08,397.15,388.67,9436501
MSFT,2026-01-01,396.99,398.0,403.48,393.32,23078125
MSFT,2026-01-02,394.73,392.63,394.95,389.46,1379955
MSFT,2026-01-05,391.28,391.02,392.69,385.41,6164495
MSFT,2026-01-06,384.59,385.63,390.36,381.31,47009467
MSFT,2026-01-07,380.12,381.55,385.08,378.4,26854914
MSFT,2026-01-08,389.94,387.69,389.0,385.62,37153656
MSFT,2026-01-09,385.84,387.17,388.04,381.52,47821476
MSFT,2026-01-12,382.33,382.69,387.77,379.5,22755428
MSFT,2026-01-13,381.45,381.81,383.07,376.91,48663794
MSFT,2026-01-14,388.58,386.48,390.37,381.99,29254669
MSFT,2026-01-15,382.73,383.26,385.52,380.28,26490265
MSFT,2026-01-16,382.57,382.25,387.69,377.65,3052028
MSFT,2026-01-19,377.07,378.83,381.61,374.21,17448181
MSFT,2026-01-20,373.27,375.26,378.68,370.53,25499391
MSFT,2026-01-21,376.97,377.52,381.07,375.04,44319893
MSFT,2026-01-22,382.0,383.47,386.86,379.52,49969516
MSFT,2026-01-23,382.88,381.04,382.68,376.48,26547919
MSFT,2026-01-26,386.8,388.38,393.04,383.5,43899221
MSFT,2026-01-27,383.35,385.12,388.71,384.33,33044682
MSFT,2026-01-28,394.95,393.77,398.18,391.52,30405951
MSFT,2026-01-29,394.74,395.22,399.0,393.25,37886132
MSFT,2026-01-30,406.33,404.27,405.77,401.2,36868667
MSFT,2026-02-02,399.45,400.05,405.25,394.4,19152255
MSFT,2026-02-03,403.92,404.3,408.52,399.34,36855793
MSFT,2026-02-04,409.36,409.04,413.03,406.96,3017351
MSFT,2026-02-05,405.69,405.17,407.39,401.01,20576098
MSFT,2026-02-06,400.19,400.69,402.71,395.54,4222603
MSFT,2026-02-09,401.24,400.37,403.67,394.86,41602230
MSFT,2026-02-10,396.56,397.48,399.37,395.48,1747851
MSFT,2026-02-11,403.13,402.57,405.79,398.5,21019270
MSFT,2026-02-12,399.7,400.66,406.27,396.01,42321362
MSFT,2026-02-13,401.43,400.28,404.8,397.72,17330587
MSFT,2026-02-16,398.87,401.01,405.92,395.76,46621984
MSFT,2026-02-17,410.27,409.52,410.99,406.13,14738551
MSFT,2026-02-18,415.49,414.95,418.71,411.39,20741469
MSFT,2026-02-19,420.58,419.1,420.24,417.22,2528765
MSFT,2026-02-20,420.68,419.87,422.18,415.73,4335072
MSFT,2026-02-23,421.89,422.01,424.54,419.58,8867302
MSFT,2026-02-24,411.72,413.52,415.22,409.08,3425035
MSFT,2026-02-25,412.63,413.05,414.38,408.67,2027703
MSFT,2026-02-26,410.56,408.72,411.96,406.87,49515303
MSFT,2026-02-27,409.5,409.42,413.98,405.05,27095150
MSFT,2026-03-02,408.54,409.47,410.36,405.7,47477427
MSFT,2026-03-03,408.34,407.15,409.79,403.38,15977577
MSFT,2026-03-04,410.09,407.98,410.72,403.54,20309318
MSFT,2026-03-05,408.12,409.17,415.11,408.12,39194246
MSFT,2026-03-06,403.69,404.58,409.51,402.5,31307246
MSFT,2026-03-09,407.75,408.18,409.84,404.89,17083022
MSFT,2026-03-10,409.38,410.29,414.64,409.24,24368237
MSFT,2026-03-11,411.32,410.01,413.87,406.58,36995416
MSFT,2026-03-12,413.06,412.23,417.65,409.26,19180145
MSFT,2026-03-13,418.05,418.48,421.3,413.56,35408945
MSFT,2026-03-16,423.57,424.26,430.41,419.0,37911820
MSFT,2026-03-17,430.39,429.18,432.96,425.29,32707034
MSFT,2026-03-18,428.67,430.88,435.57,424.97,17547132
MSFT,2026-03-19,443.33,442.25,443.22,439.51,2207427
MSFT,2026-03-20,450.08,451.35,455.97,447.54,47047257
MSFT,2026-03-23,441.6,442.16,446.09,438.64,30771399
MSFT,2026-03-24,444.16,446.79,452.83,443.38,22406426
MSFT,2026-03-25,438.76,436.58,440.82,433.81,47745325
MSFT,2026-03-26,443.75,441.99,443.64,440.24,38038484
MSFT,2026-03-27,447.19,447.57,454.13,445.39,10018880
MSFT,2026-03-30,447.83,448.54,451.04,442.13,29251803
MSFT,2026-03-31,446.92,449.06,454.05,448.14,28715557
MSFT,2026-04-01,452.4,452.05,452.96,446.2,40759032
MSFT,2026-04-02,455.04,456.4,460.1,454.49,41196757
MSFT,2026-04-03,458.21,458.12,464.53,455.89,23756009
MSFT,2026-04-06,450.52,451.44,454.46,447.35,43810546
MSFT,2026-04-07,449.59,449.12,453.2,443.93,35256026
MSFT,2026-04-08,457.3,454.98,461.5,450.06,18733958
MSFT,2026-04-09,458.63,456.33,461.19,453.3,11427971
MSFT,2026-04-10,458.86,457.1,461.94,455.89,23397837
MSFT,2026-04-13,465.89,464.39,469.57,458.46,7278349
MSFT,2026-04-14,463.28,463.64,470.04,462.67,26140236
MSFT,2026-04-15,461.01,459.45,465.7,458.38,30607851
MSFT,2026-04-16,455.45,454.91,456.01,448.89,17450549
MSFT,2026-04-17,464.99,463.73,466.14,459.24,14199966
MSFT,2026-04-20,461.51,461.27,463.44,458.39,3932098
MSFT,2026-04-21,466.44,469.1,471.33,467.82,49413549
MSFT,2026-04-22,471.07,470.25,476.09,466.26,15591157
MSFT,2026-04-23,469.54,469.72,475.17,463.41,11635023
MSFT,2026-04-24,474.76,472.85,477.96,468.85,46882616
TSLA,2025-10-31,258.75,257.59,258.64,254.08,10291402
TSLA,2025-11-03,256.23,255.81,258.49,253.94,4331157
TSLA,2025-11-04,252.4,251.41,253.19,248.7,34325184
TSLA,2025-11-05,255.19,255.67,256.43,254.92,13756507
TSLA,2025-11-06,255.71,256.39,258.65,254.83,47055446
TSLA,2025-11-07,252.86,252.32,253.85,249.24,32151841
TSLA,2025-11-10,258.04,258.24,259.42,255.54,49634864
TSLA,2025-11-11,259.78,259.68,262.53,258.36,31023519
TSLA,2025-11-12,260.0,261.43,262.85,257.92,22497353
TSLA,2025-11-13,270.2,270.56,272.9,269.59,12608455
TSLA,2025-11-14,264.08,264.45,268.4,261.75,8955842
TSLA,2025-11-17,273.11,271.6,272.67,268.29,26924250
TSLA,2025-11-18,266.45,266.24,267.75,262.28,47975843
TSLA,2025-11-19,269.32,269.37,270.61,268.3,14290677
TSLA,2025-11-20,268.89,268.79,269.6,266.73,18408065
TSLA,2025-11-21,266.55,267.51,268.58,264.62,1397744
TSLA,2025-11-24,239.29,240.67,243.31,238.42,44475699
TSLA,2025-11-25,239.63,238.98,241.24,236.81,39000680
TSLA,2025-11-26,231.49,231.72,234.32,229.96,30582934
TSLA,2025-11-27,230.0,230.63,232.65,227.73,16805578
TSLA,2025-11-28,229.14,228.92,230.15,226.78,44351962
TSLA,2025-12-01,232.95,232.0,233.31,231.03,47514719
TSLA,2025-12-02,220.55,220.29,223.11,218.77,17434818
TSLA,2025-12-03,219.92,218.68,221.84,216.3,1167209
TSLA,2025-12-04,223.66,223.61,224.67,220.37,12135372
TSLA,2025-12-05,216.56,217.5,218.43,214.85,20499115
TSLA,2025-12-08,218.05,218.42,219.33,215.16,31329393
TSLA,2025-12-09,229.56,229.44,230.89,226.77,48346824
TSLA,2025-12-10,230.54,230.39,231.43,227.98,11528538
TSLA,2025-12-11,233.0,233.81,237.04,230.56,3091709
TSLA,2025-12-12,231.06,231.13,233.15,228.71,38920316
TSLA,2025-12-15,220.95,221.72,222.71,218.96,43882578
TSLA,2025-12-16,217.84,216.85,218.75,215.11,38388161
TSLA,2025-12-17,221.35,220.18,222.59,216.92,2687314
TSLA,2025-12-18,234.17,233.48,234.24,231.77,32083304
TSLA,2025-12-19,226.03,225.11,228.49,224.43,23814489
TSLA,2025-12-22,219.29,219.04,220.75,217.28,48319809
TSLA,2025-12-23,216.87,217.29,219.13,214.43,40809115
TSLA,2025-12-24,208.1,209.06,211.54,207.38,43199042
TSLA,2025-12-25,209.01,208.41,210.47,206.26,16917241
TSLA,2025-12-26,209.58,210.55,212.08,208.49,24183197
TSLA,2025-12-29,210.98,211.24,213.59,209.23,7892955
TSLA,2025-12-30,208.52,208.48,210.57,205.75,46786851
TSLA,2025-12-31,198.16,197.63,200.17,196.08,21281722
TSLA,2026-01-01,202.86,201.75,203.07,199.09,29314369
TSLA,2026-01-02,197.08,197.39,200.2,195.89,20453202
TSLA,2026-01-05,196.23,197.36,199.21,194.5,28653735
TSLA,2026-01-06,193.68,194.16,196.91,192.78,40983003
TSLA,2026-01-07,187.91,188.7,189.96,188.1,18417321
TSLA,2026-01-08,185.1,185.11,187.47,183.64,46965246
TSLA,2026-01-09,181.78,181.79,184.2,179.99,22570563
TSLA,2026-01-12,171.7,172.65,173.08,171.84,20093141
TSLA,2026-01-13,166.67,165.68,167.16,163.88,25867147
TSLA,2026-01-14,167.41,166.48,167.39,165.85,41545514
TSLA,2026-01-15,170.4,169.73,170.41,169.33,24152904
TSLA,2026-01-16,169.71,168.74,169.08,166.99,10396434
TSLA,2026-01-19,163.87,163.07,163.63,161.13,26019105
TSLA,2026-01-20,161.33,161.64,163.71,159.71,20278939
TSLA,2026-01-21,165.63,165.64,167.92,164.43,27542002
TSLA,2026-01-22,161.59,162.36,163.17,161.58,16928139
TSLA,2026-01-23,167.07,167.05,169.21,165.67,40642539
TSLA,2026-01-26,164.2,164.93,165.58,163.47,30297415
TSLA,2026-01-27,164.32,164.55,166.33,163.59,45614878
TSLA,2026-01-28,160.27,159.99,162.27,158.78,2619448
TSLA,2026-01-29,162.31,161.43,163.84,160.38,20444272
TSLA,2026-01-30,166.66,167.21,169.62,165.56,12204614
TSLA,2026-02-02,165.27,164.6,166.53,163.2,25506127
TSLA,2026-02-03,166.07,165.74,166.82,164.47,45096899
TSLA,2026-02-04,162.09,161.65,162.44,160.93,36876996
TSLA,2026-02-05,162.92,162.82,163.47,161.55,20901775
TSLA,2026-02-06,163.62,164.54,165.11,163.31,47207299
TSLA,2026-02-09,169.31,168.34,168.84,166.97,41820550
TSLA,2026-02-10,166.4,166.42,168.42,164.54,37691310
TSLA,2026-02-11,157.88,157.97,158.4,156.92,19094019
TSLA,2026-02-12,157.5,158.34,159.67,157.31,29111379
TSLA,2026-02-13,157.88,157.6,159.36,155.34,21321727
TSLA,2026-02-16,153.02,153.69,155.36,152.43,37518794
TSLA,2026-02-17,157.61,157.09,158.31,155.04,23076398
TSLA,2026-02-18,155.97,155.47,155.97,153.83,42599124
TSLA,2026-02-19,156.7,156.17,156.51,155.38,48547321
TSLA,2026-02-20,155.43,156.15,157.59,155.03,13222439
TSLA,2026-02-23,158.45,158.19,159.4,156.49,28309073
TSLA,2026-02-24,161.71,161.04,162.76,159.99,33116867
TSLA,2026-02-25,158.8,158.06,158.47,155.7,6644193
TSLA,2026-02-26,158.59,159.51,161.74,157.98,32304579
TSLA,2026-02-27,163.52,163.58,165.92,161.69,8195522
TSLA,2026-03-02,166.33,167.19,168.56,166.66,44036780
TSLA,2026-03-03,171.2,170.72,172.87,168.96,27266492
TSLA,2026-03-04,160.59,161.33,161.73,159.02,19120867
TSLA,2026-03-05,158.46,158.36,159.51,156.82,49823384
TSLA,2026-03-06,157.52,157.69,159.49,156.07,46420201
TSLA,2026-03-09,157.36,156.46,157.92,155.1,28785937
TSLA,2026-03-10,152.57,153.43,154.28,151.94,37864185
TSLA,2026-03-11,154.29,153.42,155.23,152.01,41205065
TSLA,2026-03-12,163.75,164.52,166.85,162.88,32378974
TSLA,2026-03-13,161.68,162.29,163.16,161.53,23653152
TSLA,2026-03-16,160.98,160.75,162.68,158.91,24391821
TSLA,2026-03-17,163.62,164.55,166.81,163.75,2608557
TSLA,2026-03-18,157.74,157.33,158.25,156.5,32815948
TSLA,2026-03-19,152.44,153.2,154.46,151.68,43225469
TSLA,2026-03-20,148.64,148.18,149.95,147.5,2104092
TSLA,2026-03-23,148.59,148.24,149.38,146.99,2236488
TSLA,2026-03-24,143.59,144.21,146.2,143.03,45477481
TSLA,2026-03-25,141.88,142.58,143.03,141.78,44984632
TSLA,2026-03-26,136.74,137.33,139.03,136.48,10536182
TSLA,2026-03-27,138.61,137.84,139.77,136.89,27463570
TSLA,2026-03-30,144.16,143.52,143.88,142.21,26565242
TSLA,2026-03-31,141.93,142.72,143.96,142.16,16030050
TSLA,2026-04-01,140.29,140.55,141.69,138.95,37816952
TSLA,2026-04-02,139.43,140.14,140.59,139.65,2142303
TSLA,2026-04-03,139.22,139.19,139.54,137.15,14267652
TSLA,2026-04-06,142.17,142.55,143.12,142.02,27565267
TSLA,2026-04-07,149.03,148.79,150.8,147.76,47801094
TSLA,2026-04-08,143.88,144.22,144.53,142.12,11293245
TSLA,2026-04-09,146.0,145.25,147.32,144.61,6026231
TSLA,2026-04-10,154.69,153.91,155.47,152.63,6334522
TSLA,2026-04-13,155.71,156.59,158.3,154.93,17087728
TSLA,2026-04-14,150.77,151.03,152.61,149.21,11535826
TSLA,2026-04-15,156.61,156.46,158.27,155.46,26049336
TSLA,2026-04-16,153.44,153.22,154.74,151.69,4355363
TSLA,2026-04-17,150.67,150.11,150.8,148.81,43941611
TSLA,2026-04-20,148.54,148.5,150.55,146.44,28724645
TSLA,2026-04-21,143.93,144.65,146.45,144.19,38259562
TSLA,2026-04-22,144.34,144.91,145.85,143.69,24926404
TSLA,2026-04-23,145.87,145.76,146.68,144.15,7649652
TSLA,2026-04-24,148.59,148.04,148.96,146.88,20462892
INFY.NS,2025-10-31,1442.18,1441.93,1456.33,1421.98,36945980
INFY.NS,2025-11-03,1459.23,1467.57,1482.74,1455.95,31419711
INFY.NS,2025-11-04,1480.8,1474.22,1492.48,1461.62,17067660
INFY.NS,2025-11-05,1502.17,1498.42,1504.68,1486.96,35745181
INFY.NS,2025-11-06,1490.1,1490.97,1499.04,1475.81,23415717
INFY.NS,2025-11-07,1459.99,1454.31,1464.1,1436.1,46757068
INFY.NS,2025-11-10,1473.31,1466.42,1483.09,1461.89,42266757
INFY.NS,2025-11-11,1500.83,1492.82,1514.02,1488.92,5362909
INFY.NS,2025-11-12,1497.97,1505.46,1526.95,1493.81,21878314
INFY.NS,2025-11-13,1458.26,1459.16,1464.94,1454.57,47842306
INFY.NS,2025-11-14,1455.5,1453.58,1467.04,1447.91,11614983
INFY.NS,2025-11-17,1470.64,1468.26,1475.46,1450.27,28158270
INFY.NS,2025-11-18,1438.44,1441.65,1448.12,1429.5,33424427
INFY.NS,2025-11-19,1440.95,1434.26,1443.76,1427.67,40810783
INFY.NS,2025-11-20,1412.47,1418.17,1427.04,1402.36,34810691
INFY.NS,2025-11-21,1440.96,1446.98,1450.85,1443.6,16904639
INFY.NS,2025-11-24,1417.75,1422.37,1428.42,1409.94,28070553
INFY.NS,2025-11-25,1439.24,1430.93,1447.93,1427.33,2358812
INFY.NS,2025-11-26,1393.11,1388.75,1401.21,1373.73,14702564
INFY.NS,2025-11-27,1380.51,1382.28,1394.47,1378.01,45381767
INFY.NS,2025-11-28,1413.89,1409.37,1415.1,1399.88,20234744
INFY.NS,2025-12-01,1375.11,1380.84,1386.22,1374.85,35276055
INFY.NS,2025-12-02,1405.52,1403.41,1411.03,1383.39,36209714
INFY.NS,2025-12-03,1416.07,1421.91,1424.98,1408.39,2859410
INFY.NS,2025-12-04,1433.78,1431.94,1453.1,1420.68,22234595
INFY.NS,2025-12-05,1451.41,1457.71,1469.6,1441.68,29043109
INFY.NS,2025-12-08,1452.16,1460.02,1466.74,1446.22,17116464
INFY.NS,2025-12-09,1460.83,1469.26,1477.82,1462.84,18539046
INFY.NS,2025-12-10,1449.9,1446.65,1459.22,1432.71,6086829
INFY.NS,2025-12-11,1426.55,1433.93,1442.44,1413.87,25795857
INFY.NS,2025-12-12,1440.03,1443.83,1465.28,1439.57,22948860
INFY.NS,2025-12-15,1419.43,1412.96,1419.83,1409.93,5499078
INFY.NS,2025-12-16,1427.74,1421.8,1435.37,1405.2,4835574
INFY.NS,2025-12-17,1454.88,1449.66,1465.22,1431.21,4885412
INFY.NS,2025-12-18,1437.46,1436.43,1448.15,1432.59,32550176
INFY.NS,2025-12-19,1429.15,1421.25,1439.93,1411.06,21230868
INFY.NS,2025-12-22,1436.03,1430.07,1448.27,1410.24,48929144
INFY.NS,2025-12-23,1445.26,1444.35,1452.28,1439.26,34019052
INFY.NS,2025-12-24,1420.87,1419.37,1423.39,1408.0,35802910
INFY.NS,2025-12-25,1418.58,1414.22,1420.11,1401.19,31525989
INFY.NS,2025-12-26,1418.17,1423.15,1431.95,1402.56,30525537
INFY.NS,2025-12-29,1430.23,1423.8,1427.71,1408.1,29368155
INFY.NS,2025-12-30,1429.91,1433.66,1443.64,1419.52,2178696
INFY.NS,2025-12-31,1441.88,1438.6,1443.36,1428.63,4833290
INFY.NS,2026-01-01,1452.58,1446.01,1466.42,1433.49,47513000
INFY.NS,2026-01-02,1438.85,1442.44,1451.64,1424.02,38259937
INFY.NS,2026-01-05,1465.57,1470.65,1480.82,1463.26,25895120
INFY.NS,2026-01-06,1460.86,1466.37,1483.37,1459.75,25271162
INFY.NS,2026-01-07,1469.54,1473.8,1479.35,1465.64,13880951
INFY.NS,2026-01-08,1467.64,1466.86,1482.1,1449.61,25433419
INFY.NS,2026-01-09,1459.4,1467.9,1489.68,1458.73,9943096
INFY.NS,2026-01-12,1449.35,1447.15,1453.03,1443.78,29731114
INFY.NS,2026-01-13,1441.87,1448.73,1459.5,1442.64,7105535
INFY.NS,2026-01-14,1474.1,1471.57,1488.55,1463.41,14824028
INFY.NS,2026-01-15,1470.73,1466.21,1484.72,1449.95,19909960
INFY.NS,2026-01-16,1460.57,1455.63,1459.95,1449.12,4198863
INFY.NS,2026-01-19,1428.22,1435.75,1453.05,1428.78,19422962
INFY.NS,2026-01-20,1419.85,1411.46,1417.0,1407.5,37438114
INFY.NS,2026-01-21,1390.29,1397.17,1410.64,1387.85,16219997
INFY.NS,2026-01-22,1386.84,1385.09,1399.09,1364.82,45061319
INFY.NS,2026-01-23,1397.15,1390.88,1403.4,1375.69,26542807
INFY.NS,2026-01-26,1391.22,1393.17,1407.14,1375.88,48380804
INFY.NS,2026-01-27,1365.35,1365.05,1380.81,1347.95,25409147
INFY.NS,2026-01-28,1386.96,1388.82,1400.82,1384.8,5513619
INFY.NS,2026-01-29,1377.22,1375.11,1395.59,1358.94,19666383
INFY.NS,2026-01-30,1390.84,1383.43,1397.62,1368.19,16633880
INFY.NS,2026-02-02,1353.01,1352.77,1366.44,1349.82,39519924
INFY.NS,2026-02-03,1318.27,1326.12,1344.29,1318.96,21479500
INFY.NS,2026-02-04,1350.1,1343.3,1349.32,1327.62,34044228
INFY.NS,2026-02-05,1355.08,1351.49,1369.36,1333.67,16015106
INFY.NS,2026-02-06,1346.34,1352.49,1357.2,1337.98,31017866
INFY.NS,2026-02-09,1377.65,1373.46,1376.39,1368.33,49793044
INFY.NS,2026-02-10,1384.94,1387.35,1398.59,1372.23,39911746
INFY.NS,2026-02-11,1374.18,1370.15,1385.62,1359.13,15155125
INFY.NS,2026-02-12,1353.3,1346.48,1365.92,1327.07,6911794
INFY.NS,2026-02-13,1364.9,1360.02,1366.46,1354.48,32916423
INFY.NS,2026-02-16,1335.94,1332.89,1339.2,1322.68,46705741
INFY.NS,2026-02-17,1351.95,1351.77,1371.4,1346.45,32603383
INFY.NS,2026-02-18,1354.39,1355.69,1362.17,1344.24,13763378
INFY.NS,2026-02-19,1355.61,1349.28,1360.27,1337.97,44416877
INFY.NS,2026-02-20,1353.89,1356.57,1364.41,1344.88,38871532
INFY.NS,2026-02-23,1348.68,1356.28,1363.93,1344.74,24150847
INFY.NS,2026-02-24,1362.39,1354.98,1362.33,1337.24,42858970
INFY.NS,2026-02-25,1380.36,1383.53,1397.12,1380.15,25959490
INFY.NS,2026-02-26,1386.04,1392.27,1410.97,1374.29,38079514
INFY.NS,2026-02-27,1407.16,1399.88,1414.96,1389.97,32354645
INFY.NS,2026-03-02,1376.54,1382.31,1403.03,1366.63,41362489
INFY.NS,2026-03-03,1403.37,1398.74,1403.47,1391.96,33894839
INFY.NS,2026-03-04,1404.45,1411.73,1417.49,1404.42,5188987
INFY.NS,2026-03-05,1398.97,1400.92,1411.81,1383.16,38551500
INFY.NS,2026-03-06,1392.77,1391.43,1399.01,1386.18,9932655
INFY.NS,2026-03-09,1413.0,1412.68,1429.87,1409.06,4914459
INFY.NS,2026-03-10,1405.76,1411.38,1432.24,1407.38,19539765
INFY.NS,2026-03-11,1374.56,1375.55,1380.32,1364.8,23114330
INFY.NS,2026-03-12,1405.27,1401.8,1412.88,1385.55,31027314
INFY.NS,2026-03-13,1386.44,1391.84,1400.18,1388.45,32472953
INFY.NS,2026-03-16,1404.58,1402.87,1407.53,1392.47,21088551
INFY.NS,2026-03-17,1423.55,1420.93,1441.51,1402.76,45593803
INFY.NS,2026-03-18,1434.14,1433.19,1452.31,1422.84,49633923
INFY.NS,2026-03-19,1431.19,1428.59,1438.68,1422.05,12157983
INFY.NS,2026-03-20,1422.41,1415.11,1430.93,1399.4,3444557
INFY.NS,2026-03-23,1439.4,1440.93,1461.4,1427.42,46494143
INFY.NS,2026-03-24,1414.14,1413.83,1420.4,1394.15,11212507
INFY.NS,2026-03-25,1428.61,1427.05,1430.35,1406.27,32874150
INFY.NS,2026-03-26,1435.21,1438.12,1446.1,1434.64,7803424
INFY.NS,2026-03-27,1447.58,1440.4,1454.17,1423.32,14407757
INFY.NS,2026-03-30,1421.53,1425.91,1431.17,1419.92,47025972
INFY.NS,2026-03-31,1444.22,1447.79,1457.12,1435.3,41875113
INFY.NS,2026-04-01,1452.79,1457.09,1464.59,1451.23,23531937
INFY.NS,2026-04-02,1460.7,1452.38,1470.54,1436.54,39911642
INFY.NS,2026-04-03,1451.48,1459.18,1478.79,1438.58,27407606
INFY.NS,2026-04-06,1432.33,1437.92,1454.44,1429.08,35334386
INFY.NS,2026-04-07,1408.28,1410.18,1426.32,1402.23,42346538
INFY.NS,2026-04-08,1418.09,1411.39,1431.71,1400.09,40187688
INFY.NS,2026-04-09,1411.39,1409.18,1420.65,1406.28,39285124
INFY.NS,2026-04-10,1426.08,1423.02,1427.71,1402.52,46429621
INFY.NS,2026-04-13,1442.62,1434.24,1441.71,1416.03,44624787
INFY.NS,2026-04-14,1423.31,1415.49,1424.75,1404.45,46275739
INFY.NS,2026-04-15,1419.52,1425.64,1436.99,1412.8,33571212
INFY.NS,2026-04-16,1434.36,1427.36,1446.21,1421.69,16613104
INFY.NS,2026-04-17,1408.94,1415.72,1426.67,1405.42,43703896
INFY.NS,2026-04-20,1427.26,1426.63,1438.31,1409.83,11071695
INFY.NS,2026-04-21,1428.79,1431.83,1442.9,1419.64,9278768
INFY.NS,2026-04-22,1428.18,1432.16,1442.52,1419.52,14111867
INFY.NS,2026-04-23,1407.72,1416.16,1425.05,1399.81,39576334
INFY.NS,2026-04-24,1410.55,1409.59,1418.14,1391.1,25427088
TCS.NS,2025-10-31,3884.84,3863.22,3874.24,3836.28,17130012
TCS.NS,2025-11-03,3827.55,3813.62,3867.63,3773.81,24729268
TCS.NS,2025-11-04,3867.94,3869.7,3886.67,3859.85,26986335
TCS.NS,2025-11-05,3880.48,3865.74,3880.56,3843.11,30359761
TCS.NS,2025-11-06,3833.62,3843.22,3883.22,3797.66,4477510
TCS.NS,2025-11-07,3810.71,3798.95,3854.86,3767.9,27977741
TCS.NS,2025-11-10,3885.47,3864.62,3920.14,3836.45,49224202
TCS.NS,2025-11-11,3838.72,3818.14,3826.98,3793.19,15538803
TCS.NS,2025-11-12,3798.94,3818.71,3852.47,3807.62,11820241
TCS.NS,2025-11-13,3835.43,3830.65,3843.04,3817.33,14129901
TCS.NS,2025-11-14,3867.11,3857.34,3889.94,3825.3,44531778
TCS.NS,2025-11-17,3848.56,3866.82,3886.3,3830.97,6686166
TCS.NS,2025-11-18,3935.57,3932.66,3942.32,3916.72,9516343
TCS.NS,2025-11-19,3950.93,3966.7,4004.71,3913.4,3575276
TCS.NS,2025-11-20,4051.81,4033.34,4049.63,4002.78,2394244
TCS.NS,2025-11-21,4064.58,4045.11,4054.24,3995.04,5236332
TCS.NS,2025-11-24,4085.69,4097.98,4130.55,4068.79,38338252
TCS.NS,2025-11-25,4081.83,4071.09,4112.34,4010.65,14239108
TCS.NS,2025-11-26,4033.06,4023.75,4036.68,3999.18,22414532
TCS.NS,2025-11-27,4006.27,4021.19,4078.43,4012.34,15585793
TCS.NS,2025-11-28,4034.59,4020.74,4064.17,4005.2,11605929
TCS.NS,2025-12-01,4030.82,4007.31,4016.97,3981.9,7629854
TCS.NS,2025-12-02,3962.3,3968.59,3998.34,3917.2,17739935
TCS.NS,2025-12-03,4005.26,4024.86,4067.99,3991.02,7681999
TCS.NS,2025-12-04,4098.07,4073.76,4118.46,4028.22,43749809
TCS.NS,2025-12-05,4062.61,4051.12,4106.81,4001.29,40327530
TCS.NS,2025-12-08,4031.48,4025.08,4044.51,4014.44,40148581
TCS.NS,2025-12-09,4077.01,4066.8,4084.27,4025.52,9574125
TCS.NS,2025-12-10,4047.48,4064.61,4111.84,4040.6,47721304
TCS.NS,2025-12-11,4045.08,4036.86,4045.41,4005.79,16300299
TCS.NS,2025-12-12,3999.95,4015.41,4074.62,3977.33,14965329
TCS.NS,2025-12-15,4004.66,4023.72,4052.6,3992.45,5538323
TCS.NS,2025-12-16,4045.57,4045.6,4065.06,4032.13,38684605
TCS.NS,2025-12-17,4115.67,4120.36,4168.55,4074.54,35238137
TCS.NS,2025-12-18,4056.72,4079.33,4101.91,4020.66,12130941
TCS.NS,2025-12-19,4108.78,4115.27,4137.66,4069.4,21127492
TCS.NS,2025-12-22,4163.47,4154.37,4170.88,4140.03,34035192
TCS.NS,2025-12-23,4179.49,4166.1,4176.6,4140.27,41561113
TCS.NS,2025-12-24,4160.51,4161.65,4211.09,4104.76,23586513
TCS.NS,2025-12-25,4161.76,4181.45,4241.78,4139.47,12920006
TCS.NS,2025-12-26,4174.37,4169.16,4227.13,4131.37,40543483
TCS.NS,2025-12-29,4154.7,4170.61,4224.73,4135.83,49208455
TCS.NS,2025-12-30,4163.22,4157.51,4219.3,4137.69,28748464
TCS.NS,2025-12-31,4173.57,4166.58,4181.83,4135.45,47863614
TCS.NS,2026-01-01,4094.46,4088.17,4114.03,4048.38,40686363
TCS.NS,2026-01-02,4096.76,4099.46,4154.34,4063.42,44904620
TCS.NS,2026-01-05,4058.19,4063.7,4081.78,4021.48,31410423
TCS.NS,2026-01-06,4055.5,4053.08,4085.14,4010.12,5618145
TCS.NS,2026-01-07,4016.66,4005.47,4044.61,3982.85,44013274
TCS.NS,2026-01-08,3953.88,3976.27,4007.58,3932.47,12395691
TCS.NS,2026-01-09,4044.91,4051.37,4080.23,4032.28,26884993
TCS.NS,2026-01-12,4095.64,4090.19,4142.43,4070.58,30736944
TCS.NS,2026-01-13,4029.22,4027.07,4085.23,3970.0,10353255
TCS.NS,2026-01-14,4023.29,4023.09,4031.97,4007.29,1074198
TCS.NS,2026-01-15,4097.35,4095.6,4136.82,4067.22,43912079
TCS.NS,2026-01-16,4102.14,4121.41,4157.67,4102.66,26819229
TCS.NS,2026-01-19,4096.13,4115.42,4146.63,4084.81,39732425
TCS.NS,2026-01-20,4159.38,4154.68,4171.68,4131.26,5611589
TCS.NS,2026-01-21,4134.99,4153.42,4196.3,4123.89,20552563
TCS.NS,2026-01-22,4187.75,4186.49,4216.53,4133.2,25399816
TCS.NS,2026-01-23,4179.21,4160.21,4171.47,4130.43,32117107
TCS.NS,2026-01-26,4145.19,4159.46,4187.11,4135.0,26451392
TCS.NS,2026-01-27,4100.22,4107.88,4141.44,4049.69,16613996
TCS.NS,2026-01-28,4078.59,4095.7,4135.65,4076.49,41528769
TCS.NS,2026-01-29,4123.86,4129.35,4170.18,4089.52,10736053
TCS.NS,2026-01-30,4159.0,4141.76,4172.43,4126.5,18223513
TCS.NS,2026-02-02,4135.91,4142.37,4185.75,4092.78,40941458
TCS.NS,2026-02-03,4081.77,4104.44,4148.89,4076.41,31134345
TCS.NS,2026-02-04,4104.06,4082.07,4123.85,4040.27,41644859
TCS.NS,2026-02-05,4062.37,4054.76,4083.72,4035.84,35365234
TCS.NS,2026-02-06,4012.78,4035.62,4048.4,3996.16,22358110
TCS.NS,2026-02-09,3988.55,3971.69,3985.17,3919.12,39058805
TCS.NS,2026-02-10,4023.87,4024.72,4084.09,3970.02,37769591
TCS.NS,2026-02-11,4083.03,4063.39,4104.07,4054.29,18194650
TCS.NS,2026-02-12,4070.93,4065.7,4075.06,4051.86,44976612
TCS.NS,2026-02-13,4092.46,4080.02,4123.69,4060.21,6332377
TCS.NS,2026-02-16,4097.96,4086.19,4115.11,4040.46,9168322
TCS.NS,2026-02-17,4044.34,4056.91,4067.28,4044.69,45868233
TCS.NS,2026-02-18,4001.34,3990.92,4001.45,3978.17,14697872
TCS.NS,2026-02-19,3964.33,3978.15,4006.85,3958.32,46225922
TCS.NS,2026-02-20,3936.87,3955.97,3990.22,3938.48,23465309
TCS.NS,2026-02-23,3933.22,3921.83,3978.25,3874.4,31133845
TCS.NS,2026-02-24,4022.7,4001.23,4015.67,3970.17,1444346
TCS.NS,2026-02-25,3965.23,3977.15,4023.21,3939.35,26994666
TCS.NS,2026-02-26,3943.82,3963.74,3973.7,3915.69,24738199
TCS.NS,2026-02-27,4001.79,3987.09,4014.98,3970.48,5500819
TCS.NS,2026-03-02,3978.86,3963.76,4013.09,3935.04,10826886
TCS.NS,2026-03-03,3958.22,3935.06,3988.73,3914.65,33953866
TCS.NS,2026-03-04,3893.77,3891.91,3921.95,3864.89,38890783
TCS.NS,2026-03-05,3908.48,3926.11,3980.34,3914.47,22008664
TCS.NS,2026-03-06,3889.45,3895.45,3937.29,3854.65,4058395
TCS.NS,2026-03-09,3884.74,3879.01,3900.43,3849.65,49506363
TCS.NS,2026-03-10,3862.11,3858.34,3874.99,3839.38,23422152
TCS.NS,2026-03-11,3831.01,3812.59,3854.63,3778.33,24465864
TCS.NS,2026-03-12,3781.78,3788.99,3839.92,3750.59,21547981
TCS.NS,2026-03-13,3779.47,3775.76,3815.91,3753.32,9216906
TCS.NS,2026-03-16,3775.87,3787.21,3843.06,3733.31,18827474
TCS.NS,2026-03-17,3781.18,3792.78,3846.71,3768.76,38438172
TCS.NS,2026-03-18,3875.08,3862.42,3905.17,3804.69,42696640
TCS.NS,2026-03-19,3901.22,3891.56,3916.63,3847.4,17345797
TCS.NS,2026-03-20,3914.63,3928.16,3945.39,3894.29,21585747
TCS.NS,2026-03-23,3905.03,3919.14,3969.83,3868.67,23724090
TCS.NS,2026-03-24,3885.33,3904.25,3919.17,3895.22,32254442
TCS.NS,2026-03-25,3966.55,3968.34,3979.3,3937.25,1471737
TCS.NS,2026-03-26,3952.73,3964.25,3985.25,3933.08,13655766
TCS.NS,2026-03-27,3922.7,3914.76,3971.87,3864.64,4405607
TCS.NS,2026-03-30,3881.81,3874.76,3906.04,3826.79,41054421
TCS.NS,2026-03-31,3875.73,3881.5,3889.51,3865.01,47279243
TCS.NS,2026-04-01,3852.56,3856.11,3892.89,3801.49,26334371
TCS.NS,2026-04-02,3855.14,3846.24,3856.52,3793.89,33530496
TCS.NS,2026-04-03,3850.86,3842.16,3854.09,3814.04,41818115
TCS.NS,2026-04-06,3839.15,3830.02,3864.31,3772.8,37455805
TCS.NS,2026-04-07,3829.05,3816.36,3849.56,3786.33,9496064
TCS.NS,2026-04-08,3935.6,3920.46,3929.58,3870.59,9200193
TCS.NS,2026-04-09,3863.44,3882.69,3909.48,3836.94,28210542
TCS.NS,2026-04-10,3895.79,3915.31,3949.95,3870.5,41131072
TCS.NS,2026-04-13,3937.23,3921.67,3937.37,3886.64,31573018
TCS.NS,2026-04-14,3948.37,3926.16,3983.82,3874.4,2299717
TCS.NS,2026-04-15,3889.4,3906.99,3927.44,3886.55,43862624
TCS.NS,2026-04-16,3887.53,3905.82,3919.23,3893.83,36118597
TCS.NS,2026-04-17,3923.59,3916.74,3964.43,3897.48,6365475
TCS.NS,2026-04-20,3878.95,3878.22,3906.39,3850.98,49979945
TCS.NS,2026-04-21,3879.26,3862.0,3900.69,3849.65,19595230
TCS.NS,2026-04-22,3891.45,3876.88,3930.72,3824.9,37369284
TCS.NS,2026-04-23,3929.56,3921.62,3940.38,3886.29,42541841
TCS.NS,2026-04-24,3955.57,3961.63,3982.6,3939.3,26031501
RELIANCE.NS,2025-10-31,2788.14,2791.11,2807.53,2752.25,45375695
RELIANCE.NS,2025-11-03,2753.47,2768.52,2798.98,2739.4,35725511
RELIANCE.NS,2025-11-04,2798.74,2790.21,2808.25,2778.25,48613924
RELIANCE.NS,2025-11-05,2829.78,2817.9,2836.22,2797.14,9147550
RELIANCE.NS,2025-11-06,2843.25,2845.21,2858.46,2838.11,15743185
RELIANCE.NS,2025-11-07,2890.48,2889.17,2908.18,2882.01,19114774
RELIANCE.NS,2025-11-10,2866.56,2868.1,2892.78,2847.17,27212862
RELIANCE.NS,2025-11-11,2838.08,2847.82,2883.21,2818.65,18360498
RELIANCE.NS,2025-11-12,2860.89,2862.2,2892.11,2838.15,5555298
RELIANCE.NS,2025-11-13,2887.69,2904.75,2932.52,2881.13,31484766
RELIANCE.NS,2025-11-14,2877.28,2876.93,2918.74,2836.25,23473636
RELIANCE.NS,2025-11-17,2985.19,2969.33,3009.13,2953.72,32094901
RELIANCE.NS,2025-11-18,2920.21,2920.32,2933.03,2884.03,37868633
RELIANCE.NS,2025-11-19,2949.53,2934.12,2941.71,2901.21,31739911
RELIANCE.NS,2025-11-20,2972.69,2965.29,2993.6,2934.15,29285639
RELIANCE.NS,2025-11-21,2968.17,2955.94,2969.73,2929.72,10241753
RELIANCE.NS,2025-11-24,3015.68,2998.53,3012.14,2962.41,2590452
RELIANCE.NS,2025-11-25,3020.28,3028.14,3046.77,2998.22,7663113
RELIANCE.NS,2025-11-26,3054.68,3068.22,3098.2,3047.64,17094194
RELIANCE.NS,2025-11-27,3095.06,3078.61,3114.12,3062.08,5359693
RELIANCE.NS,2025-11-28,3063.61,3077.96,3114.99,3068.24,26014602
RELIANCE.NS,2025-12-01,3086.48,3088.77,3123.07,3053.25,33624260
RELIANCE.NS,2025-12-02,3102.89,3102.83,3144.89,3089.86,40883875
RELIANCE.NS,2025-12-03,3087.14,3092.86,3121.7,3055.27,15000766
RELIANCE.NS,2025-12-04,3051.92,3066.49,3104.22,3024.16,28759391
RELIANCE.NS,2025-12-05,3088.33,3094.69,3107.17,3088.2,35298191
RELIANCE.NS,2025-12-08,3138.82,3156.68,3179.61,3146.94,5334589
RELIANCE.NS,2025-12-09,3151.88,3141.73,3180.41,3109.92,44021079
RELIANCE.NS,2025-12-10,3196.0,3193.36,3211.55,3150.36,24701990
RELIANCE.NS,2025-12-11,3206.58,3196.45,3226.45,3156.59,33847145
RELIANCE.NS,2025-12-12,3228.5,3237.15,3264.96,3198.19,32612277
RELIANCE.NS,2025-12-15,3170.64,3183.02,3211.95,3169.83,20117913
RELIANCE.NS,2025-12-16,3207.51,3212.33,3250.48,3200.55,4996716
RELIANCE.NS,2025-12-17,3217.84,3228.6,3240.26,3188.19,48879628
RELIANCE.NS,2025-12-18,3286.29,3272.24,3302.53,3238.27,31743362
RELIANCE.NS,2025-12-19,3212.0,3200.39,3207.09,3193.54,26223997
RELIANCE.NS,2025-12-22,3162.33,3163.88,3206.92,3146.92,40373460
RELIANCE.NS,2025-12-23,3168.49,3173.84,3205.18,3165.25,7656401
RELIANCE.NS,2025-12-24,3205.07,3223.58,3242.47,3206.68,13145226
RELIANCE.NS,2025-12-25,3180.28,3197.17,3208.18,3156.73,4280568
RELIANCE.NS,2025-12-26,3171.18,3165.93,3184.66,3136.89,37839886
RELIANCE.NS,2025-12-29,3184.69,3168.34,3205.42,3141.64,48786037
RELIANCE.NS,2025-12-30,3122.17,3128.8,3152.42,3117.07,31579151
RELIANCE.NS,2025-12-31,3065.72,3071.61,3083.01,3038.58,37040402
RELIANCE.NS,2026-01-01,3072.23,3068.25,3099.04,3047.48,18462388
RELIANCE.NS,2026-01-02,3077.34,3082.48,3121.2,3073.42,45959966
RELIANCE.NS,2026-01-05,3108.46,3115.9,3156.34,3082.26,23708507
RELIANCE.NS,2026-01-06,3153.38,3139.94,3180.17,3112.01,19035756
RELIANCE.NS,2026-01-07,3195.05,3199.97,3207.54,3164.88,48909536
RELIANCE.NS,2026-01-08,3193.88,3202.04,3240.21,3184.55,18634231
RELIANCE.NS,2026-01-09,3175.68,3162.64,3206.0,3126.35,20471804
RELIANCE.NS,2026-01-12,3113.38,3114.68,3122.0,3100.27,26342357
RELIANCE.NS,2026-01-13,3039.25,3040.24,3084.17,3017.4,25122906
RELIANCE.NS,2026-01-14,3058.81,3072.23,3115.0,3033.61,20512856
RELIANCE.NS,2026-01-15,3073.8,3069.45,3104.16,3035.07,40701923
RELIANCE.NS,2026-01-16,3010.52,2997.99,3008.51,2990.23,8423541
RELIANCE.NS,2026-01-19,3024.56,3015.59,3024.84,2976.93,29361957
RELIANCE.NS,2026-01-20,3047.4,3032.95,3048.32,3012.15,12329520
RELIANCE.NS,2026-01-21,3012.98,3003.25,3042.99,2967.75,44429670
RELIANCE.NS,2026-01-22,3041.88,3057.9,3084.62,3017.77,13824528
RELIANCE.NS,2026-01-23,3033.73,3042.52,3071.94,3012.84,4561994
RELIANCE.NS,2026-01-26,3074.34,3077.98,3103.57,3055.58,22547429
RELIANCE.NS,2026-01-27,3074.07,3076.11,3120.12,3061.68,14844182
RELIANCE.NS,2026-01-28,3093.03,3106.14,3132.29,3067.73,21268979
RELIANCE.NS,2026-01-29,3138.23,3125.14,3150.41,3094.14,3974124
RELIANCE.NS,2026-01-30,3101.16,3106.57,3113.55,3096.69,16975130
RELIANCE.NS,2026-02-02,3082.08,3081.27,3116.94,3055.35,47501793
RELIANCE.NS,2026-02-03,3140.9,3143.5,3158.68,3136.75,18737034
RELIANCE.NS,2026-02-04,3112.27,3103.16,3120.35,3083.15,26856815
RELIANCE.NS,2026-02-05,3078.16,3092.14,3119.88,3085.89,25427017
RELIANCE.NS,2026-02-06,3062.74,3068.75,3102.51,3050.12,17499924
RELIANCE.NS,2026-02-09,3067.48,3057.19,3102.01,3044.89,4359807
RELIANCE.NS,2026-02-10,3053.69,3048.46,3061.95,3040.35,13539781
RELIANCE.NS,2026-02-11,3067.58,3051.22,3067.53,3026.83,41602653
RELIANCE.NS,2026-02-12,3107.03,3113.25,3140.91,3068.07,37375828
RELIANCE.NS,2026-02-13,3151.67,3151.3,3194.03,3110.59,26394387
RELIANCE.NS,2026-02-16,3096.0,3109.94,3135.76,3097.47,43185064
RELIANCE.NS,2026-02-17,3145.21,3161.56,3199.12,3143.46,38825849
RELIANCE.NS,2026-02-18,3222.87,3234.3,3282.59,3227.27,45244119
RELIANCE.NS,2026-02-19,3201.11,3212.01,3257.51,3185.7,7844262
RELIANCE.NS,2026-02-20,3256.86,3245.89,3254.68,3213.77,25419409
RELIANCE.NS,2026-02-23,3252.25,3267.37,3288.2,3241.87,49716687
RELIANCE.NS,2026-02-24,3256.39,3240.95,3266.39,3193.54,49050020
RELIANCE.NS,2026-02-25,3271.57,3260.54,3290.14,3243.84,48458649
RELIANCE.NS,2026-02-26,3254.72,3256.61,3295.51,3220.36,11662388
RELIANCE.NS,2026-02-27,3251.77,3253.85,3299.99,3231.37,41298478
RELIANCE.NS,2026-03-02,3310.3,3295.15,3342.52,3247.62,39833708
RELIANCE.NS,2026-03-03,3221.96,3224.08,3253.64,3214.52,36367896
RELIANCE.NS,2026-03-04,3242.22,3260.47,3304.04,3217.42,4531249
RELIANCE.NS,2026-03-05,3235.31,3218.88,3245.5,3207.8,14454495
RELIANCE.NS,2026-03-06,3235.34,3245.53,3291.67,3226.54,4338231
RELIANCE.NS,2026-03-09,3157.17,3171.31,3198.07,3123.77,20242427
RELIANCE.NS,2026-03-10,3173.98,3183.25,3216.68,3170.46,21856853
RELIANCE.NS,2026-03-11,3206.99,3191.76,3215.69,3164.46,19862487
RELIANCE.NS,2026-03-12,3159.36,3170.98,3200.04,3141.51,30409800
RELIANCE.NS,2026-03-13,3162.78,3150.71,3178.79,3116.6,5069380
RELIANCE.NS,2026-03-16,3165.45,3164.87,3203.27,3150.78,49144372
RELIANCE.NS,2026-03-17,3151.81,3153.17,3173.68,3141.78,29216334
RELIANCE.NS,2026-03-18,3226.13,3218.84,3248.19,3174.03,34793054
RELIANCE.NS,2026-03-19,3201.76,3194.13,3236.1,3157.75,13104455
RELIANCE.NS,2026-03-20,3195.61,3181.36,3222.41,3153.45,18100294
RELIANCE.NS,2026-03-23,3152.85,3162.41,3208.47,3121.94,45038269
RELIANCE.NS,2026-03-24,3161.09,3154.76,3176.48,3129.27,20043229
RELIANCE.NS,2026-03-25,3195.0,3190.21,3213.07,3151.47,49499688
RELIANCE.NS,2026-03-26,3255.45,3245.88,3283.81,3209.59,21739043
RELIANCE.NS,2026-03-27,3269.81,3250.9,3276.28,3244.24,24200897
RELIANCE.NS,2026-03-30,3263.36,3256.85,3264.12,3244.45,47977713
RELIANCE.NS,2026-03-31,3324.62,3306.95,3351.56,3281.02,24675178
RELIANCE.NS,2026-04-01,3304.16,3296.41,3308.0,3277.15,16877851
RELIANCE.NS,2026-04-02,3318.51,3308.33,3351.31,3301.01,28153031
RELIANCE.NS,2026-04-03,3368.32,3357.07,3383.63,3328.39,1132317
RELIANCE.NS,2026-04-06,3354.52,3346.52,3379.59,3312.96,22131164
RELIANCE.NS,2026-04-07,3363.65,3352.93,3394.68,3324.38,22737014
RELIANCE.NS,2026-04-08,3376.46,3366.53,3393.41,3358.56,1051687
RELIANCE.NS,2026-04-09,3397.13,3391.27,3426.34,3360.57,20084620
RELIANCE.NS,2026-04-10,3436.77,3449.96,3465.92,3442.16,4227810
RELIANCE.NS,2026-04-13,3481.03,3465.6,3484.55,3453.73,26480309
RELIANCE.NS,2026-04-14,3447.98,3457.44,3502.27,3430.81,32867357
RELIANCE.NS,2026-04-15,3387.77,3406.11,3425.37,3364.25,11378931
RELIANCE.NS,2026-04-16,3439.21,3448.7,3500.06,3404.58,23218914
RELIANCE.NS,2026-04-17,3472.76,3470.5,3514.57,3448.69,13032726
RELIANCE.NS,2026-04-20,3463.21,3471.85,3484.68,3435.89,6231282
RELIANCE.NS,2026-04-21,3474.96,3474.8,3506.72,3427.38,6686868
RELIANCE.NS,2026-04-22,3508.02,3526.01,3537.94,3496.57,13570705
RELIANCE.NS,2026-04-23,3605.28,3586.23,3611.79,3538.74,33882376
RELIANCE.NS,2026-04-24,3618.7,3613.64,3666.98,3579.49,15091910
